<?xml version='1.0' encoding='utf-8'?>
<!DOCTYPE hibernate-configuration PUBLIC
"-//Hibernate/Hibernate Configuration DTD 3.0//EN"
"http://hibernate.sourceforge.net/hibernate-configuration-3.0.dtd">
<hibernate-configuration>
<session-factory>
<!-- Configuración de la base de datos -->
<property name="connection.url">jdbc:h2:file:~/data/testdb</property>
<property name="connection.driver_class">org.h2.Driver</property>
<property name="connection.username">sa</property>
<property name="connection.password"></property>
<property name="dialect">org.hibernate.dialect.H2Dialect</property>
<!-- Especifica el uso de logging SQL -->
<property name="show_sql">true</property>
<!-- Actualiza automáticamente el esquema de la base de datos -->
<property name="hibernate.hbm2ddl.auto">update</property>
<!-- Configuración de recursos de mapeo -->
<mapping class="com.example.demo.Libro"/>
<mapping class="com.example.demo.Autor"/>
<!-- Configuración adicional -->
</session-factory>
</hibernate-configuration>